{
  "project_info": {
    "project_number": "72598500346",
    "project_id": "notec-dam",
    "storage_bucket": "notec-dam.appspot.com"
  },
  "client": [
    {
      "client_info": {
        "mobilesdk_app_id": "1:72598500346:android:bac13accbcbc7da3ffea43",
        "android_client_info": {
          "package_name": "mx.edu.ittepic.dam_u5_notec"
        }
      },
      "oauth_client": [],
      "api_key": [
        {
          "current_key": "AIzaSyBnY3uoggV5ISIYZP2FKIj68bmvr9QnL0c"
        }
      ],
      "services": {
        "appinvite_service": {
          "other_platform_oauth_client": []
        }
      }
    }
  ],
  "configuration_version": "1"
}